category,label,train_count,test_count,unstructured_count,total_count,avg_length,min_length,max_length,duplicate_count
alt.atheism,0,798,798,0,1596,1991.03,29,51106,0
comp.graphics,1,971,971,0,1942,1616.91,28,61540,4
comp.os.ms-windows.misc,2,980,980,0,1960,2331.32,32,160470,16
comp.sys.ibm.pc.hardware,3,979,979,0,1958,1117.77,63,31196,4
comp.sys.mac.hardware,4,957,957,0,1914,1009.5,3,51671,0
comp.windows.x,5,978,978,0,1956,1824.73,11,66013,46
misc.forsale,6,963,963,0,1926,864.02,3,21962,52
rec.autos,7,988,988,0,1976,1216.08,6,27464,4
rec.motorcycles,8,993,993,0,1986,1122.32,4,35844,4
rec.sport.baseball,9,993,993,0,1986,1288.55,12,15641,0
rec.sport.hockey,10,998,998,0,1996,1668.72,5,74881,0
sci.crypt,11,991,991,0,1982,1963.06,25,60894,0
sci.electronics,12,981,981,0,1962,1166.35,33,72372,0
sci.med,13,988,988,0,1976,1815.98,10,37535,8
sci.space,14,986,986,0,1972,1743.82,4,56802,4
soc.religion.christian,15,997,997,0,1994,2223.31,11,30952,0
talk.politics.guns,16,910,910,0,1820,2014.39,27,71039,0
talk.politics.mideast,17,940,940,0,1880,2996.47,12,61978,4
talk.politics.misc,18,775,775,0,1550,2606.32,15,49144,0
talk.religion.misc,19,628,628,0,1256,2084.88,6,48394,4
